CustomerID,CustomerID,LookalikeCustomerID,SimilarityScore
0,C0001,C0091,0.9888478853919915
1,C0001,C0069,0.984343969157011
2,C0001,C0184,0.9785619388073008
